search_date,departure_date,origin,destination,airline,departure_time,arrival_time,duration,stops,stopover_airports,price
2026-03-04,2026-03-05,LHR,SIN,Emirates,2026-03-05 09:10,2026-03-06 08:30,15h 20m,1,DXB,841.0
2026-03-04,2026-03-05,LHR,SIN,Emirates,2026-03-05 13:40,2026-03-06 13:35,15h 55m,1,DXB,841.0
2026-03-04,2026-03-05,LHR,SIN,Emirates,2026-03-05 22:00,2026-03-06 21:45,15h 45m,1,DXB,841.0
2026-03-04,2026-03-05,LHR,SIN,Emirates,2026-03-05 15:50,2026-03-06 20:40,20h 50m,2,"DXB,KUL",881.0
2026-03-04,2026-03-05,LHR,SIN,Emirates,2026-03-05 15:50,2026-03-06 18:35,18h 45m,2,"DXB,KUL",950.0
2026-03-04,2026-03-05,LHR,SIN,Air India,2026-03-05 22:00,2026-03-07 07:00,25h 0m,1,DEL,1494.0
2026-03-04,2026-03-05,LHR,SIN,Singapore Airlines,2026-03-05 10:40,2026-03-06 07:50,13h 10m,0,,1952.0
2026-03-04,2026-03-05,LHR,SIN,Singapore Airlines,2026-03-05 21:45,2026-03-06 19:00,13h 15m,0,,1952.0
2026-03-04,2026-03-05,LHR,SIN,British Airways,2026-03-05 21:00,2026-03-06 18:25,13h 25m,0,,2641.0
2026-03-04,2026-03-05,LHR,SIN,KLM,2026-03-05 17:05,2026-03-06 16:15,15h 10m,1,AMS,3077.0
2026-03-04,2026-03-12,LHR,SIN,Gulf Air,2026-03-12 21:50,2026-03-14 12:50,31h 0m,1,BAH,543.0
2026-03-04,2026-03-12,LHR,SIN,Gulf Air,2026-03-12 09:30,2026-03-13 12:50,19h 20m,1,BAH,572.0
2026-03-04,2026-03-12,LHR,SIN,Etihad,2026-03-12 08:50,2026-03-13 09:35,16h 45m,1,AUH,621.0
2026-03-04,2026-03-12,LHR,SIN,Finnair,2026-03-12 07:30,2026-03-13 18:40,27h 10m,1,HEL,731.0
2026-03-04,2026-03-12,LHR,SIN,British Airways,2026-03-12 18:40,2026-03-13 15:55,13h 15m,0,,733.0
2026-03-04,2026-03-12,LHR,SIN,Emirates,2026-03-12 09:10,2026-03-13 08:30,15h 20m,1,DXB,740.0
2026-03-04,2026-03-12,LHR,SIN,Emirates,2026-03-12 13:40,2026-03-13 13:35,15h 55m,1,DXB,740.0
2026-03-04,2026-03-12,LHR,SIN,Emirates,2026-03-12 22:00,2026-03-13 21:45,15h 45m,1,DXB,740.0
2026-03-04,2026-03-12,LHR,SIN,Malaysia Airlines,2026-03-12 10:25,2026-03-13 10:20,15h 55m,1,KUL,752.0
2026-03-04,2026-03-12,LHR,SIN,Malaysia Airlines,2026-03-12 21:25,2026-03-13 20:35,15h 10m,1,KUL,786.0
2026-03-04,2026-03-12,LHR,SIN,Qantas,2026-03-12 20:10,2026-03-13 17:40,13h 30m,0,,870.0
2026-03-04,2026-03-12,LHR,SIN,Singapore Airlines,2026-03-12 09:10,2026-03-13 06:10,13h 0m,0,,933.0
2026-03-04,2026-03-12,LHR,SIN,Singapore Airlines,2026-03-12 10:40,2026-03-13 07:50,13h 10m,0,,933.0
2026-03-04,2026-03-12,LHR,SIN,Singapore Airlines,2026-03-12 21:45,2026-03-13 19:00,13h 15m,0,,933.0
2026-03-04,2026-03-12,LHR,SIN,British Airways,2026-03-12 21:00,2026-03-13 18:25,13h 25m,0,,1399.0
2026-03-04,2026-03-12,LHR,SIN,Singapore Airlines,2026-03-12 20:35,2026-03-13 17:40,13h 5m,0,,1496.0
2026-03-04,2026-03-19,LHR,SIN,Air India,2026-03-19 08:45,2026-03-20 21:45,29h 0m,1,DEL,557.0
2026-03-04,2026-03-19,LHR,SIN,Gulf Air,2026-03-19 09:30,2026-03-20 12:50,19h 20m,1,BAH,570.0
2026-03-04,2026-03-19,LHR,SIN,Etihad,2026-03-19 08:50,2026-03-20 09:35,16h 45m,1,AUH,621.0
2026-03-04,2026-03-19,LHR,SIN,Etihad,2026-03-19 20:55,2026-03-21 09:35,28h 40m,1,AUH,621.0
2026-03-04,2026-03-19,LHR,SIN,Gulf Air,2026-03-19 21:50,2026-03-21 12:50,31h 0m,1,BAH,638.0
2026-03-04,2026-03-19,LHR,SIN,Air India,2026-03-19 08:45,2026-03-20 09:20,16h 35m,1,DEL,661.0
2026-03-04,2026-03-19,LHR,SIN,Air India,2026-03-19 21:05,2026-03-20 21:45,16h 40m,1,DEL,674.0
2026-03-04,2026-03-19,LHR,SIN,Emirates,2026-03-19 09:10,2026-03-20 08:30,15h 20m,1,DXB,740.0
2026-03-04,2026-03-19,LHR,SIN,Emirates,2026-03-19 13:40,2026-03-20 13:35,15h 55m,1,DXB,740.0
2026-03-04,2026-03-19,LHR,SIN,Emirates,2026-03-19 22:00,2026-03-20 21:45,15h 45m,1,DXB,740.0
2026-03-04,2026-03-19,LHR,SIN,Lufthansa,2026-03-19 16:40,2026-03-20 17:25,16h 45m,1,MUC,772.0
2026-03-04,2026-03-19,LHR,SIN,Lufthansa City Airlines,2026-03-19 17:50,2026-03-20 17:25,15h 35m,1,MUC,772.0
2026-03-04,2026-03-19,LHR,SIN,British Airways,2026-03-19 20:35,2026-03-20 20:35,16h 0m,1,KUL,777.0
2026-03-04,2026-03-19,LHR,SIN,Lufthansa,2026-03-19 17:30,2026-03-20 16:55,15h 25m,1,FRA,793.0
2026-03-04,2026-03-19,LHR,SIN,Finnair,2026-03-19 18:10,2026-03-20 18:40,16h 30m,1,HEL,811.0
2026-03-04,2026-03-19,LHR,SIN,British Airways,2026-03-19 18:40,2026-03-20 15:55,13h 15m,0,,841.0
2026-03-04,2026-03-19,LHR,SIN,Qatar Airways,2026-03-19 08:40,2026-03-20 08:45,16h 5m,1,DOH,860.0
2026-03-04,2026-03-19,LHR,SIN,Qatar Airways,2026-03-19 15:30,2026-03-20 14:55,15h 25m,1,DOH,860.0
2026-03-04,2026-03-19,LHR,SIN,Qatar Airways,2026-03-19 21:30,2026-03-20 21:15,15h 45m,1,DOH,860.0
2026-03-04,2026-03-19,LHR,SIN,THAI,2026-03-19 11:50,2026-03-20 11:15,15h 25m,1,BKK,872.0
2026-03-04,2026-03-19,LHR,SIN,THAI,2026-03-19 21:35,2026-03-20 22:20,16h 45m,1,BKK,880.0
2026-03-04,2026-03-19,LHR,SIN,Singapore Airlines,2026-03-19 10:40,2026-03-20 07:50,13h 10m,0,,1270.0
2026-03-04,2026-03-19,LHR,SIN,British Airways,2026-03-19 21:00,2026-03-20 18:25,13h 25m,0,,1399.0
2026-03-04,2026-03-19,LHR,SIN,Singapore Airlines,2026-03-19 09:10,2026-03-20 06:10,13h 0m,0,,1496.0
2026-03-04,2026-03-19,LHR,SIN,Singapore Airlines,2026-03-19 20:35,2026-03-20 17:40,13h 5m,0,,1496.0
2026-03-04,2026-03-19,LHR,SIN,Qantas,2026-03-19 20:10,2026-03-20 17:40,13h 30m,0,,1931.0
2026-03-04,2026-03-19,LHR,SIN,Singapore Airlines,2026-03-19 21:45,2026-03-20 19:00,13h 15m,0,,1952.0
2026-03-04,2026-03-26,LHR,SIN,Qatar Airways,2026-03-26 18:55,2026-03-28 14:00,35h 5m,2,"DOH,XMN",880.0
2026-03-04,2026-03-26,LHR,SIN,Etihad,2026-03-26 08:50,2026-03-27 09:35,16h 45m,1,AUH,964.0
2026-03-04,2026-03-26,LHR,SIN,Etihad,2026-03-26 19:20,2026-03-28 09:35,30h 15m,1,AUH,964.0
2026-03-04,2026-03-26,LHR,SIN,Qatar Airways,2026-03-26 08:40,2026-03-27 08:45,16h 5m,1,DOH,972.0
2026-03-04,2026-03-26,LHR,SIN,Qatar Airways,2026-03-26 14:55,2026-03-27 14:55,16h 0m,1,DOH,972.0
2026-03-04,2026-03-26,LHR,SIN,Qatar Airways,2026-03-26 18:55,2026-03-27 21:15,18h 20m,1,DOH,972.0
2026-03-04,2026-03-26,LHR,SIN,Qatar Airways,2026-03-26 15:30,2026-03-27 14:55,15h 25m,1,DOH,1007.0
2026-03-04,2026-03-26,LHR,SIN,Gulf Air,2026-03-26 09:30,2026-03-27 12:50,19h 20m,1,BAH,1229.0
2026-03-04,2026-03-26,LHR,SIN,Emirates,2026-03-26 19:00,2026-03-27 21:45,18h 45m,1,DXB,1278.0
2026-03-04,2026-03-26,LHR,SIN,Qantas,2026-03-26 20:10,2026-03-27 17:40,13h 30m,0,,2019.0
2026-03-04,2026-03-26,LHR,SIN,British Airways,2026-03-26 18:40,2026-03-27 15:55,13h 15m,0,,2618.0
2026-03-04,2026-03-26,LHR,SIN,British Airways,2026-03-26 21:00,2026-03-27 18:25,13h 25m,0,,2618.0
2026-03-04,2026-04-02,LHR,SIN,Gulf Air,2026-04-02 22:05,2026-04-04 12:45,31h 40m,1,BAH,696.0
2026-03-04,2026-04-02,LHR,SIN,Air India,2026-04-02 13:50,2026-04-03 18:30,21h 40m,1,BOM,717.0
2026-03-04,2026-04-02,LHR,SIN,Gulf Air,2026-04-02 10:00,2026-04-03 12:45,19h 45m,1,BAH,733.0
2026-03-04,2026-04-02,LHR,SIN,Turkish Airlines,2026-04-02 18:30,2026-04-03 17:55,16h 25m,1,IST,820.0
2026-03-04,2026-04-02,LHR,SIN,British Airways,2026-04-02 13:40,2026-04-03 15:45,19h 5m,1,DOH,876.0
2026-03-04,2026-04-02,LHR,SIN,British Airways,2026-04-02 21:25,2026-04-03 21:15,16h 50m,1,DOH,876.0
2026-03-04,2026-04-02,LHR,SIN,Finnair,2026-04-02 18:10,2026-04-03 18:30,17h 20m,1,HEL,915.0
2026-03-04,2026-04-02,LHR,SIN,Air India,2026-04-02 21:45,2026-04-03 21:45,17h 0m,1,DEL,981.0
2026-03-04,2026-04-02,LHR,SIN,Emirates,2026-04-02 09:05,2026-04-03 08:35,16h 30m,1,DXB,1004.0
2026-03-04,2026-04-02,LHR,SIN,Emirates,2026-04-02 14:25,2026-04-03 14:05,16h 40m,1,DXB,1004.0
2026-03-04,2026-04-02,LHR,SIN,Emirates,2026-04-02 22:15,2026-04-03 21:45,16h 30m,1,DXB,1004.0
2026-03-04,2026-04-02,LHR,SIN,Cathay Pacific,2026-04-02 20:15,2026-04-03 20:50,17h 35m,1,HKG,1079.0
2026-03-04,2026-04-02,LHR,SIN,British Airways,2026-04-02 19:25,2026-04-03 16:05,13h 40m,0,,1310.0
2026-03-04,2026-04-02,LHR,SIN,British Airways,2026-04-02 22:00,2026-04-03 18:40,13h 40m,0,,1310.0
2026-03-04,2026-04-02,LHR,SIN,Qantas,2026-04-02 20:50,2026-04-03 17:30,13h 40m,0,,1417.0
2026-03-04,2026-04-02,LHR,SIN,Singapore Airlines,2026-04-02 09:25,2026-04-03 05:45,13h 20m,0,,1511.0
2026-03-04,2026-04-02,LHR,SIN,Singapore Airlines,2026-04-02 11:20,2026-04-03 07:30,13h 10m,0,,1511.0
2026-03-04,2026-04-02,LHR,SIN,Singapore Airlines,2026-04-02 20:35,2026-04-03 16:45,13h 10m,0,,1511.0
2026-03-04,2026-04-02,LHR,SIN,Singapore Airlines,2026-04-02 22:05,2026-04-03 18:30,13h 25m,0,,1968.0
2026-03-04,2026-04-09,LHR,SIN,Air India,2026-04-09 13:50,2026-04-10 18:30,21h 40m,1,BOM,469.0
2026-03-04,2026-04-09,LHR,SIN,Air India,2026-04-09 14:00,2026-04-10 21:45,24h 45m,1,DEL,469.0
2026-03-04,2026-04-09,LHR,SIN,Air India,2026-04-09 21:05,2026-04-11 07:45,27h 40m,1,BOM,469.0
2026-03-04,2026-04-09,LHR,SIN,Air India,2026-04-09 09:45,2026-04-10 12:10,19h 25m,1,DEL,476.0
2026-03-04,2026-04-09,LHR,SIN,Air India,2026-04-09 21:45,2026-04-10 21:45,17h 0m,1,DEL,476.0
2026-03-04,2026-04-09,LHR,SIN,Qatar Airways,2026-04-09 08:25,2026-04-10 08:50,17h 25m,1,DOH,531.0
2026-03-04,2026-04-09,LHR,SIN,British Airways,2026-04-09 13:40,2026-04-10 15:45,19h 5m,1,DOH,531.0
2026-03-04,2026-04-09,LHR,SIN,Qatar Airways,2026-04-09 16:00,2026-04-10 15:45,16h 45m,1,DOH,531.0
2026-03-04,2026-04-09,LHR,SIN,Qatar Airways,2026-04-09 19:25,2026-04-10 21:15,18h 50m,1,DOH,531.0
2026-03-04,2026-04-09,LHR,SIN,Lufthansa,2026-04-09 17:30,2026-04-10 16:30,16h 0m,1,FRA,567.0
2026-03-04,2026-04-09,LHR,SIN,Lufthansa City Airlines,2026-04-09 13:30,2026-04-10 16:30,20h 0m,1,FRA,573.0
2026-03-04,2026-04-09,LHR,SIN,Gulf Air,2026-04-09 10:00,2026-04-10 12:45,19h 45m,1,BAH,620.0
2026-03-04,2026-04-09,LHR,SIN,Etihad,2026-04-09 09:30,2026-04-10 09:40,17h 10m,1,AUH,637.0
2026-03-04,2026-04-09,LHR,SIN,Finnair,2026-04-09 18:10,2026-04-10 18:30,17h 20m,1,HEL,642.0
2026-03-04,2026-04-09,LHR,SIN,Emirates,2026-04-09 22:15,2026-04-10 21:45,16h 30m,1,DXB,757.0
2026-03-04,2026-04-09,LHR,SIN,Qantas,2026-04-09 20:50,2026-04-10 17:30,13h 40m,0,,798.0
2026-03-04,2026-04-09,LHR,SIN,Singapore Airlines,2026-04-09 09:25,2026-04-10 05:45,13h 20m,0,,802.0
2026-03-04,2026-04-09,LHR,SIN,Singapore Airlines,2026-04-09 11:20,2026-04-10 07:30,13h 10m,0,,802.0
2026-03-04,2026-04-09,LHR,SIN,Singapore Airlines,2026-04-09 20:35,2026-04-10 16:45,13h 10m,0,,802.0
2026-03-04,2026-04-09,LHR,SIN,Singapore Airlines,2026-04-09 22:05,2026-04-10 18:30,13h 25m,0,,802.0
2026-03-04,2026-04-09,LHR,SIN,British Airways,2026-04-09 19:25,2026-04-10 16:05,13h 40m,0,,1000.0
2026-03-04,2026-04-09,LHR,SIN,British Airways,2026-04-09 22:00,2026-04-10 18:40,13h 40m,0,,1000.0
2026-03-04,2026-04-16,LHR,SIN,Singapore Airlines,2026-04-16 09:25,2026-04-17 05:45,13h 20m,0,,451.0
2026-03-04,2026-04-16,LHR,SIN,Singapore Airlines,2026-04-16 11:20,2026-04-17 07:30,13h 10m,0,,451.0
2026-03-04,2026-04-16,LHR,SIN,Singapore Airlines,2026-04-16 20:35,2026-04-17 16:45,13h 10m,0,,452.0
2026-03-04,2026-04-16,LHR,SIN,Gulf Air,2026-04-16 22:05,2026-04-18 12:45,31h 40m,1,BAH,461.0
2026-03-04,2026-04-16,LHR,SIN,Air India,2026-04-16 13:50,2026-04-17 18:30,21h 40m,1,BOM,469.0
2026-03-04,2026-04-16,LHR,SIN,Air India,2026-04-16 21:45,2026-04-17 21:45,17h 0m,1,DEL,476.0
2026-03-04,2026-04-16,LHR,SIN,Lufthansa,2026-04-16 17:30,2026-04-17 16:30,16h 0m,1,FRA,489.0
2026-03-04,2026-04-16,LHR,SIN,Qatar Airways,2026-04-16 15:05,2026-04-17 15:45,17h 40m,1,DOH,531.0
2026-03-04,2026-04-16,LHR,SIN,Singapore Airlines,2026-04-16 22:05,2026-04-17 18:30,13h 25m,0,,618.0
2026-03-04,2026-04-16,LHR,SIN,British Airways,2026-04-16 19:25,2026-04-17 16:05,13h 40m,0,,701.0
2026-03-04,2026-04-16,LHR,SIN,British Airways,2026-04-16 22:00,2026-04-17 18:40,13h 40m,0,,749.0
2026-03-04,2026-04-16,LHR,SIN,Qantas,2026-04-16 20:50,2026-04-17 17:30,13h 40m,0,,798.0
2026-03-04,2026-04-23,LHR,SIN,Oman Air,2026-04-23 20:50,2026-04-25 00:10,20h 20m,2,"MCT,KUL",442.0
2026-03-04,2026-04-23,LHR,SIN,Singapore Airlines,2026-04-23 09:25,2026-04-24 05:45,13h 20m,0,,451.0
2026-03-04,2026-04-23,LHR,SIN,Singapore Airlines,2026-04-23 11:20,2026-04-24 07:30,13h 10m,0,,451.0
2026-03-04,2026-04-23,LHR,SIN,Singapore Airlines,2026-04-23 20:35,2026-04-24 16:45,13h 10m,0,,451.0
2026-03-04,2026-04-23,LHR,SIN,Singapore Airlines,2026-04-23 22:05,2026-04-24 18:30,13h 25m,0,,451.0
2026-03-04,2026-04-23,LHR,SIN,Air India,2026-04-23 13:50,2026-04-24 18:30,21h 40m,1,BOM,469.0
2026-03-04,2026-04-23,LHR,SIN,Lufthansa,2026-04-23 17:30,2026-04-24 16:30,16h 0m,1,FRA,503.0
2026-03-04,2026-04-23,LHR,SIN,Qatar Airways,2026-04-23 16:00,2026-04-24 15:45,16h 45m,1,DOH,531.0
2026-03-04,2026-04-23,LHR,SIN,Qantas,2026-04-23 20:50,2026-04-24 17:30,13h 40m,0,,538.0
2026-03-04,2026-04-23,LHR,SIN,British Airways,2026-04-23 19:25,2026-04-24 16:05,13h 40m,0,,749.0
2026-03-04,2026-04-23,LHR,SIN,British Airways,2026-04-23 22:00,2026-04-24 18:40,13h 40m,0,,796.0
2026-03-04,2026-04-30,LHR,SIN,Oman Air,2026-04-30 20:50,2026-05-02 00:10,20h 20m,2,"MCT,KUL",442.0
2026-03-04,2026-04-30,LHR,SIN,Singapore Airlines,2026-04-30 09:25,2026-05-01 05:45,13h 20m,0,,451.0
2026-03-04,2026-04-30,LHR,SIN,Singapore Airlines,2026-04-30 11:20,2026-05-01 07:30,13h 10m,0,,451.0
2026-03-04,2026-04-30,LHR,SIN,Singapore Airlines,2026-04-30 20:35,2026-05-01 16:45,13h 10m,0,,451.0
2026-03-04,2026-04-30,LHR,SIN,Singapore Airlines,2026-04-30 22:05,2026-05-01 18:30,13h 25m,0,,451.0
2026-03-04,2026-04-30,LHR,SIN,Gulf Air,2026-04-30 22:05,2026-05-02 12:45,31h 40m,1,BAH,466.0
2026-03-04,2026-04-30,LHR,SIN,Lufthansa,2026-04-30 17:30,2026-05-01 16:30,16h 0m,1,FRA,503.0
2026-03-04,2026-04-30,LHR,SIN,Qantas,2026-04-30 20:50,2026-05-01 17:30,13h 40m,0,,504.0
2026-03-04,2026-04-30,LHR,SIN,Qatar Airways,2026-04-30 16:00,2026-05-01 15:45,16h 45m,1,DOH,531.0
2026-03-04,2026-04-30,LHR,SIN,British Airways,2026-04-30 19:25,2026-05-01 16:05,13h 40m,0,,749.0
2026-03-04,2026-04-30,LHR,SIN,British Airways,2026-04-30 22:00,2026-05-01 18:40,13h 40m,0,,749.0
2026-03-04,2026-03-05,LHR,JFK,Tap Air Portugal,2026-03-05 08:15,2026-03-05 20:05,16h 50m,1,LIS,403.0
2026-03-04,2026-03-05,LHR,JFK,Tap Air Portugal,2026-03-05 12:25,2026-03-05 20:05,12h 40m,1,LIS,483.0
2026-03-04,2026-03-05,LHR,JFK,Vueling,2026-03-05 20:50,2026-03-06 22:00,30h 10m,1,BCN,675.0
2026-03-04,2026-03-05,LHR,JFK,Tap Air Portugal,2026-03-05 06:00,2026-03-05 19:55,18h 55m,2,"LIS,PDL",748.0
2026-03-04,2026-03-05,LHR,JFK,JetBlue,2026-03-05 07:25,2026-03-05 10:48,8h 23m,0,,1054.0
2026-03-04,2026-03-05,LHR,JFK,JetBlue,2026-03-05 12:20,2026-03-05 15:50,8h 30m,0,,1054.0
2026-03-04,2026-03-05,LHR,JFK,British Airways,2026-03-05 08:20,2026-03-05 11:20,8h 0m,0,,1596.0
2026-03-04,2026-03-05,LHR,JFK,British Airways,2026-03-05 09:35,2026-03-05 12:35,8h 0m,0,,1596.0
2026-03-04,2026-03-05,LHR,JFK,American,2026-03-05 10:35,2026-03-05 13:29,7h 54m,0,,1596.0
2026-03-04,2026-03-05,LHR,JFK,British Airways,2026-03-05 11:20,2026-03-05 14:20,8h 0m,0,,1596.0
2026-03-04,2026-03-05,LHR,JFK,British Airways,2026-03-05 12:55,2026-03-05 16:00,8h 5m,0,,1596.0
2026-03-04,2026-03-05,LHR,JFK,British Airways,2026-03-05 14:10,2026-03-05 17:15,8h 5m,0,,1596.0
2026-03-04,2026-03-05,LHR,JFK,American,2026-03-05 15:35,2026-03-05 18:40,8h 5m,0,,1596.0
2026-03-04,2026-03-05,LHR,JFK,British Airways,2026-03-05 16:25,2026-03-05 19:35,8h 10m,0,,1596.0
2026-03-04,2026-03-05,LHR,JFK,American,2026-03-05 17:00,2026-03-05 19:59,7h 59m,0,,1596.0
2026-03-04,2026-03-05,LHR,JFK,British Airways,2026-03-05 18:00,2026-03-05 21:05,8h 5m,0,,1596.0
2026-03-04,2026-03-05,LHR,JFK,British Airways,2026-03-05 19:05,2026-03-05 22:05,8h 0m,0,,1596.0
2026-03-04,2026-03-05,LHR,JFK,Virgin Atlantic,2026-03-05 08:55,2026-03-05 12:15,8h 20m,0,,1606.0
2026-03-04,2026-03-05,LHR,JFK,Delta,2026-03-05 10:10,2026-03-05 13:25,8h 15m,0,,1606.0
2026-03-04,2026-03-05,LHR,JFK,Virgin Atlantic,2026-03-05 12:40,2026-03-05 15:59,8h 19m,0,,1606.0
2026-03-04,2026-03-05,LHR,JFK,Delta,2026-03-05 16:10,2026-03-05 19:35,8h 25m,0,,1606.0
2026-03-04,2026-03-05,LHR,JFK,Virgin Atlantic,2026-03-05 16:35,2026-03-05 19:30,7h 55m,0,,1606.0
2026-03-04,2026-03-05,LHR,JFK,Virgin Atlantic,2026-03-05 20:00,2026-03-05 22:55,7h 55m,0,,1606.0
2026-03-04,2026-03-12,LHR,JFK,Tap Air Portugal,2026-03-12 08:15,2026-03-12 21:05,16h 50m,1,LIS,403.0
2026-03-04,2026-03-12,LHR,JFK,Vueling,2026-03-12 09:55,2026-03-12 22:00,16h 5m,1,BCN,470.0
2026-03-04,2026-03-12,LHR,JFK,Tap Air Portugal,2026-03-12 12:25,2026-03-12 21:05,12h 40m,1,LIS,483.0
2026-03-04,2026-03-12,LHR,JFK,JetBlue,2026-03-12 09:20,2026-03-12 21:51,16h 31m,1,BOS,608.0
2026-03-04,2026-03-12,LHR,JFK,JetBlue,2026-03-12 07:25,2026-03-12 11:46,8h 21m,0,,703.0
2026-03-04,2026-03-12,LHR,JFK,JetBlue,2026-03-12 12:20,2026-03-12 16:52,8h 32m,0,,894.0
2026-03-04,2026-03-12,LHR,JFK,British Airways,2026-03-12 08:20,2026-03-12 12:20,8h 0m,0,,1118.0
2026-03-04,2026-03-12,LHR,JFK,British Airways,2026-03-12 09:35,2026-03-12 13:35,8h 0m,0,,1118.0
2026-03-04,2026-03-12,LHR,JFK,American,2026-03-12 10:05,2026-03-12 14:05,8h 0m,0,,1118.0
2026-03-04,2026-03-12,LHR,JFK,British Airways,2026-03-12 11:20,2026-03-12 15:20,8h 0m,0,,1118.0
2026-03-04,2026-03-12,LHR,JFK,British Airways,2026-03-12 12:55,2026-03-12 17:00,8h 5m,0,,1118.0
2026-03-04,2026-03-12,LHR,JFK,British Airways,2026-03-12 14:10,2026-03-12 18:15,8h 5m,0,,1118.0
2026-03-04,2026-03-12,LHR,JFK,American,2026-03-12 15:35,2026-03-12 19:40,8h 5m,0,,1118.0
2026-03-04,2026-03-12,LHR,JFK,British Airways,2026-03-12 16:25,2026-03-12 20:35,8h 10m,0,,1118.0
2026-03-04,2026-03-12,LHR,JFK,American,2026-03-12 17:00,2026-03-12 21:00,8h 0m,0,,1118.0
2026-03-04,2026-03-12,LHR,JFK,British Airways,2026-03-12 18:00,2026-03-12 22:05,8h 5m,0,,1118.0
2026-03-04,2026-03-12,LHR,JFK,British Airways,2026-03-12 19:05,2026-03-12 23:05,8h 0m,0,,1118.0
2026-03-04,2026-03-12,LHR,JFK,Virgin Atlantic,2026-03-12 08:55,2026-03-12 13:15,8h 20m,0,,1128.0
2026-03-04,2026-03-12,LHR,JFK,Delta,2026-03-12 10:10,2026-03-12 14:25,8h 15m,0,,1128.0
2026-03-04,2026-03-12,LHR,JFK,Virgin Atlantic,2026-03-12 12:40,2026-03-12 16:59,8h 19m,0,,1128.0
2026-03-04,2026-03-12,LHR,JFK,Delta,2026-03-12 16:10,2026-03-12 20:35,8h 25m,0,,1128.0
2026-03-04,2026-03-12,LHR,JFK,Virgin Atlantic,2026-03-12 16:35,2026-03-12 20:30,7h 55m,0,,1128.0
2026-03-04,2026-03-12,LHR,JFK,Virgin Atlantic,2026-03-12 20:00,2026-03-12 23:55,7h 55m,0,,1128.0
2026-03-04,2026-03-19,LHR,JFK,Tap Air Portugal,2026-03-19 06:00,2026-03-19 20:55,18h 55m,2,"LIS,PDL",697.0
2026-03-04,2026-03-19,LHR,JFK,SWISS,2026-03-19 06:00,2026-03-19 14:05,12h 5m,1,ZRH,702.0
2026-03-04,2026-03-19,LHR,JFK,SWISS,2026-03-19 09:00,2026-03-19 17:40,12h 40m,1,ZRH,702.0
2026-03-04,2026-03-19,LHR,JFK,JetBlue,2026-03-19 07:25,2026-03-19 11:46,8h 21m,0,,734.0
2026-03-04,2026-03-19,LHR,JFK,JetBlue,2026-03-19 12:20,2026-03-19 16:52,8h 32m,0,,894.0
2026-03-04,2026-03-19,LHR,JFK,British Airways,2026-03-19 08:20,2026-03-19 12:20,8h 0m,0,,1118.0
2026-03-04,2026-03-19,LHR,JFK,British Airways,2026-03-19 09:35,2026-03-19 13:35,8h 0m,0,,1118.0
2026-03-04,2026-03-19,LHR,JFK,American,2026-03-19 10:05,2026-03-19 14:05,8h 0m,0,,1118.0
2026-03-04,2026-03-19,LHR,JFK,British Airways,2026-03-19 11:20,2026-03-19 15:20,8h 0m,0,,1118.0
2026-03-04,2026-03-19,LHR,JFK,British Airways,2026-03-19 12:55,2026-03-19 17:00,8h 5m,0,,1118.0
2026-03-04,2026-03-19,LHR,JFK,British Airways,2026-03-19 14:10,2026-03-19 18:15,8h 5m,0,,1118.0
2026-03-04,2026-03-19,LHR,JFK,American,2026-03-19 15:35,2026-03-19 19:40,8h 5m,0,,1118.0
2026-03-04,2026-03-19,LHR,JFK,British Airways,2026-03-19 16:25,2026-03-19 20:35,8h 10m,0,,1118.0
2026-03-04,2026-03-19,LHR,JFK,American,2026-03-19 17:00,2026-03-19 21:00,8h 0m,0,,1118.0
2026-03-04,2026-03-19,LHR,JFK,British Airways,2026-03-19 18:00,2026-03-19 22:05,8h 5m,0,,1118.0
2026-03-04,2026-03-19,LHR,JFK,British Airways,2026-03-19 19:05,2026-03-19 23:05,8h 0m,0,,1118.0
2026-03-04,2026-03-19,LHR,JFK,Virgin Atlantic,2026-03-19 08:55,2026-03-19 13:15,8h 20m,0,,1128.0
2026-03-04,2026-03-19,LHR,JFK,Delta,2026-03-19 10:10,2026-03-19 14:25,8h 15m,0,,1128.0
2026-03-04,2026-03-19,LHR,JFK,Virgin Atlantic,2026-03-19 12:40,2026-03-19 16:59,8h 19m,0,,1128.0
2026-03-04,2026-03-19,LHR,JFK,Delta,2026-03-19 16:10,2026-03-19 20:35,8h 25m,0,,1128.0
2026-03-04,2026-03-19,LHR,JFK,Virgin Atlantic,2026-03-19 16:35,2026-03-19 20:30,7h 55m,0,,1128.0
2026-03-04,2026-03-19,LHR,JFK,Virgin Atlantic,2026-03-19 20:00,2026-03-19 23:55,7h 55m,0,,1128.0
2026-03-04,2026-03-26,LHR,JFK,Tap Air Portugal,2026-03-26 12:25,2026-03-26 21:05,12h 40m,1,LIS,635.0
2026-03-04,2026-03-26,LHR,JFK,Tap Air Portugal,2026-03-26 06:00,2026-03-26 20:55,18h 55m,2,"LIS,PDL",796.0
2026-03-04,2026-03-26,LHR,JFK,Royal Air Maroc,2026-03-26 17:10,2026-03-27 18:55,29h 45m,1,CMN,808.0
2026-03-04,2026-03-26,LHR,JFK,JetBlue,2026-03-26 07:25,2026-03-26 11:46,8h 21m,0,,1207.0
2026-03-04,2026-03-26,LHR,JFK,JetBlue,2026-03-26 12:20,2026-03-26 16:52,8h 32m,0,,1207.0
2026-03-04,2026-03-26,LHR,JFK,British Airways,2026-03-26 08:20,2026-03-26 12:20,8h 0m,0,,1664.0
2026-03-04,2026-03-26,LHR,JFK,British Airways,2026-03-26 09:35,2026-03-26 13:35,8h 0m,0,,1664.0
2026-03-04,2026-03-26,LHR,JFK,American,2026-03-26 10:05,2026-03-26 14:05,8h 0m,0,,1664.0
2026-03-04,2026-03-26,LHR,JFK,British Airways,2026-03-26 11:20,2026-03-26 15:20,8h 0m,0,,1664.0
2026-03-04,2026-03-26,LHR,JFK,British Airways,2026-03-26 12:55,2026-03-26 17:00,8h 5m,0,,1664.0
2026-03-04,2026-03-26,LHR,JFK,British Airways,2026-03-26 14:10,2026-03-26 18:15,8h 5m,0,,1664.0
2026-03-04,2026-03-26,LHR,JFK,American,2026-03-26 15:35,2026-03-26 19:40,8h 5m,0,,1664.0
2026-03-04,2026-03-26,LHR,JFK,British Airways,2026-03-26 16:25,2026-03-26 20:35,8h 10m,0,,1664.0
2026-03-04,2026-03-26,LHR,JFK,American,2026-03-26 17:00,2026-03-26 21:00,8h 0m,0,,1664.0
2026-03-04,2026-03-26,LHR,JFK,British Airways,2026-03-26 18:00,2026-03-26 22:05,8h 5m,0,,1664.0
2026-03-04,2026-03-26,LHR,JFK,British Airways,2026-03-26 19:05,2026-03-26 23:05,8h 0m,0,,1664.0
2026-03-04,2026-03-26,LHR,JFK,Virgin Atlantic,2026-03-26 08:55,2026-03-26 13:15,8h 20m,0,,1674.0
2026-03-04,2026-03-26,LHR,JFK,Delta,2026-03-26 10:10,2026-03-26 14:25,8h 15m,0,,1674.0
2026-03-04,2026-03-26,LHR,JFK,Virgin Atlantic,2026-03-26 12:40,2026-03-26 16:59,8h 19m,0,,1674.0
2026-03-04,2026-03-26,LHR,JFK,Delta,2026-03-26 16:10,2026-03-26 20:35,8h 25m,0,,1674.0
2026-03-04,2026-03-26,LHR,JFK,Virgin Atlantic,2026-03-26 16:35,2026-03-26 20:30,7h 55m,0,,1674.0
2026-03-04,2026-03-26,LHR,JFK,Virgin Atlantic,2026-03-26 20:00,2026-03-26 23:55,7h 55m,0,,1674.0
2026-03-04,2026-04-02,LHR,JFK,Tap Air Portugal,2026-04-02 11:20,2026-04-02 20:05,13h 45m,1,LIS,531.0
2026-03-04,2026-04-02,LHR,JFK,Brussels Airlines,2026-04-02 06:50,2026-04-02 13:00,11h 10m,1,BRU,653.0
2026-03-04,2026-04-02,LHR,JFK,JetBlue,2026-04-02 08:15,2026-04-02 11:14,7h 59m,0,,685.0
2026-03-04,2026-04-02,LHR,JFK,JetBlue,2026-04-02 11:55,2026-04-02 15:07,8h 12m,0,,685.0
2026-03-04,2026-04-02,LHR,JFK,American,2026-04-02 14:10,2026-04-02 17:00,7h 50m,0,,1014.0
2026-03-04,2026-04-02,LHR,JFK,American,2026-04-02 18:05,2026-04-02 21:05,8h 0m,0,,1014.0
2026-03-04,2026-04-02,LHR,JFK,British Airways,2026-04-02 10:15,2026-04-02 13:05,7h 50m,0,,1024.0
2026-03-04,2026-04-02,LHR,JFK,British Airways,2026-04-02 11:35,2026-04-02 14:25,7h 50m,0,,1024.0
2026-03-04,2026-04-02,LHR,JFK,Delta,2026-04-02 11:45,2026-04-02 14:50,8h 5m,0,,1024.0
2026-03-04,2026-04-02,LHR,JFK,Delta,2026-04-02 16:20,2026-04-02 19:29,8h 9m,0,,1024.0
2026-03-04,2026-04-02,LHR,JFK,British Airways,2026-04-02 16:35,2026-04-02 19:40,8h 5m,0,,1024.0
2026-03-04,2026-04-02,LHR,JFK,British Airways,2026-04-02 17:25,2026-04-02 20:20,7h 55m,0,,1024.0
2026-03-04,2026-04-02,LHR,JFK,Virgin Atlantic,2026-04-02 18:35,2026-04-02 21:50,8h 15m,0,,1024.0
2026-03-04,2026-04-02,LHR,JFK,British Airways,2026-04-02 19:25,2026-04-02 22:25,8h 0m,0,,1024.0
2026-03-04,2026-04-02,LHR,JFK,Virgin Atlantic,2026-04-02 20:05,2026-04-02 22:50,7h 45m,0,,1024.0
2026-03-04,2026-04-02,LHR,JFK,British Airways,2026-04-02 08:20,2026-04-02 11:10,7h 50m,0,,1214.0
2026-03-04,2026-04-02,LHR,JFK,American,2026-04-02 10:30,2026-04-02 13:30,8h 0m,0,,1214.0
2026-03-04,2026-04-02,LHR,JFK,British Airways,2026-04-02 15:20,2026-04-02 18:20,8h 0m,0,,1280.0
2026-03-04,2026-04-02,LHR,JFK,British Airways,2026-04-02 13:20,2026-04-02 16:15,7h 55m,0,,1290.0
2026-03-04,2026-04-02,LHR,JFK,Virgin Atlantic,2026-04-02 15:50,2026-04-02 18:35,7h 45m,0,,1290.0
2026-03-04,2026-04-02,LHR,JFK,Virgin Atlantic,2026-04-02 13:40,2026-04-02 16:25,7h 45m,0,,1923.0
2026-03-04,2026-04-09,LHR,JFK,SWISS,2026-04-09 20:05,2026-04-10 16:35,25h 30m,1,ZRH,650.0
2026-03-04,2026-04-09,LHR,JFK,Icelandair,2026-04-09 13:05,2026-04-09 19:20,11h 15m,1,KEF,660.0
2026-03-04,2026-04-09,LHR,JFK,Vueling,2026-04-09 09:55,2026-04-09 21:40,16h 45m,1,BCN,682.0
2026-03-04,2026-04-09,LHR,JFK,JetBlue,2026-04-09 08:15,2026-04-09 11:14,7h 59m,0,,685.0
2026-03-04,2026-04-09,LHR,JFK,JetBlue,2026-04-09 11:55,2026-04-09 15:07,8h 12m,0,,685.0
2026-03-04,2026-04-09,LHR,JFK,British Airways,2026-04-09 08:20,2026-04-09 11:10,7h 50m,0,,1014.0
2026-03-04,2026-04-09,LHR,JFK,British Airways,2026-04-09 15:20,2026-04-09 18:20,8h 0m,0,,1014.0
2026-03-04,2026-04-09,LHR,JFK,British Airways,2026-04-09 16:35,2026-04-09 19:40,8h 5m,0,,1014.0
2026-03-04,2026-04-09,LHR,JFK,British Airways,2026-04-09 17:25,2026-04-09 20:20,7h 55m,0,,1014.0
2026-03-04,2026-04-09,LHR,JFK,American,2026-04-09 18:05,2026-04-09 21:05,8h 0m,0,,1014.0
2026-03-04,2026-04-09,LHR,JFK,British Airways,2026-04-09 19:25,2026-04-09 22:25,8h 0m,0,,1014.0
2026-03-04,2026-04-09,LHR,JFK,Delta,2026-04-09 11:45,2026-04-09 14:50,8h 5m,0,,1024.0
2026-03-04,2026-04-09,LHR,JFK,British Airways,2026-04-09 12:30,2026-04-09 15:20,7h 50m,0,,1024.0
2026-03-04,2026-04-09,LHR,JFK,Virgin Atlantic,2026-04-09 13:40,2026-04-09 16:25,7h 45m,0,,1024.0
2026-03-04,2026-04-09,LHR,JFK,Virgin Atlantic,2026-04-09 15:50,2026-04-09 18:35,7h 45m,0,,1024.0
2026-03-04,2026-04-09,LHR,JFK,Delta,2026-04-09 16:20,2026-04-09 19:29,8h 9m,0,,1024.0
2026-03-04,2026-04-09,LHR,JFK,Virgin Atlantic,2026-04-09 18:35,2026-04-09 21:50,8h 15m,0,,1024.0
2026-03-04,2026-04-09,LHR,JFK,Virgin Atlantic,2026-04-09 20:05,2026-04-09 22:50,7h 45m,0,,1024.0
2026-03-04,2026-04-09,LHR,JFK,American,2026-04-09 10:30,2026-04-09 13:30,8h 0m,0,,1214.0
2026-03-04,2026-04-09,LHR,JFK,British Airways,2026-04-09 11:35,2026-04-09 14:25,7h 50m,0,,1214.0
2026-03-04,2026-04-09,LHR,JFK,American,2026-04-09 14:10,2026-04-09 17:00,7h 50m,0,,1214.0
2026-03-04,2026-04-09,LHR,JFK,British Airways,2026-04-09 10:15,2026-04-09 13:05,7h 50m,0,,2845.0
2026-03-04,2026-04-16,LHR,JFK,Tap Air Portugal,2026-04-16 11:20,2026-04-16 20:05,13h 45m,1,LIS,435.0
2026-03-04,2026-04-16,LHR,JFK,SWISS,2026-04-16 06:00,2026-04-16 12:50,11h 50m,1,ZRH,448.0
2026-03-04,2026-04-16,LHR,JFK,SWISS,2026-04-16 08:45,2026-04-16 16:35,12h 50m,1,ZRH,448.0
2026-03-04,2026-04-16,LHR,JFK,Austrian,2026-04-16 12:20,2026-04-16 20:05,12h 45m,1,VIE,449.0
2026-03-04,2026-04-16,LHR,JFK,Lufthansa,2026-04-16 07:25,2026-04-16 15:00,12h 35m,1,MUC,452.0
2026-03-04,2026-04-16,LHR,JFK,Lufthansa City Airlines,2026-04-16 06:30,2026-04-16 13:35,12h 5m,1,FRA,453.0
2026-03-04,2026-04-16,LHR,JFK,Lufthansa City Airlines,2026-04-16 13:30,2026-04-16 20:05,11h 35m,1,FRA,453.0
2026-03-04,2026-04-16,LHR,JFK,Brussels Airlines,2026-04-16 06:50,2026-04-16 13:00,11h 10m,1,BRU,454.0
2026-03-04,2026-04-16,LHR,JFK,SWISS,2026-04-16 07:00,2026-04-16 14:20,12h 20m,1,GVA,462.0
2026-03-04,2026-04-16,LHR,JFK,Air Canada,2026-04-16 14:05,2026-04-16 21:32,12h 27m,1,YUL,487.0
2026-03-04,2026-04-16,LHR,JFK,Air Canada,2026-04-16 08:30,2026-04-16 15:07,11h 37m,1,YYZ,492.0
2026-03-04,2026-04-16,LHR,JFK,JetBlue,2026-04-16 08:15,2026-04-16 11:14,7h 59m,0,,556.0
2026-03-04,2026-04-16,LHR,JFK,JetBlue,2026-04-16 11:55,2026-04-16 15:07,8h 12m,0,,556.0
2026-03-04,2026-04-16,LHR,JFK,British Airways,2026-04-16 08:20,2026-04-16 11:10,7h 50m,0,,867.0
2026-03-04,2026-04-16,LHR,JFK,American,2026-04-16 10:30,2026-04-16 13:30,8h 0m,0,,867.0
2026-03-04,2026-04-16,LHR,JFK,British Airways,2026-04-16 11:35,2026-04-16 14:25,7h 50m,0,,867.0
2026-03-04,2026-04-16,LHR,JFK,British Airways,2026-04-16 13:20,2026-04-16 16:15,7h 55m,0,,867.0
2026-03-04,2026-04-16,LHR,JFK,American,2026-04-16 14:10,2026-04-16 17:00,7h 50m,0,,867.0
2026-03-04,2026-04-16,LHR,JFK,British Airways,2026-04-16 15:20,2026-04-16 18:20,8h 0m,0,,867.0
2026-03-04,2026-04-16,LHR,JFK,British Airways,2026-04-16 16:35,2026-04-16 19:40,8h 5m,0,,867.0
2026-03-04,2026-04-16,LHR,JFK,British Airways,2026-04-16 17:25,2026-04-16 20:20,7h 55m,0,,867.0
2026-03-04,2026-04-16,LHR,JFK,American,2026-04-16 18:05,2026-04-16 21:05,8h 0m,0,,867.0
2026-03-04,2026-04-16,LHR,JFK,British Airways,2026-04-16 19:25,2026-04-16 22:25,8h 0m,0,,867.0
2026-03-04,2026-04-16,LHR,JFK,British Airways,2026-04-16 10:15,2026-04-16 13:05,7h 50m,0,,877.0
2026-03-04,2026-04-16,LHR,JFK,Virgin Atlantic,2026-04-16 11:20,2026-04-16 14:05,7h 45m,0,,877.0
2026-03-04,2026-04-16,LHR,JFK,Delta,2026-04-16 11:45,2026-04-16 14:50,8h 5m,0,,877.0
2026-03-04,2026-04-16,LHR,JFK,British Airways,2026-04-16 12:30,2026-04-16 15:20,7h 50m,0,,877.0
2026-03-04,2026-04-16,LHR,JFK,Virgin Atlantic,2026-04-16 13:40,2026-04-16 16:25,7h 45m,0,,877.0
2026-03-04,2026-04-16,LHR,JFK,Virgin Atlantic,2026-04-16 15:50,2026-04-16 18:35,7h 45m,0,,877.0
2026-03-04,2026-04-16,LHR,JFK,Delta,2026-04-16 16:20,2026-04-16 19:32,8h 12m,0,,877.0
2026-03-04,2026-04-16,LHR,JFK,Virgin Atlantic,2026-04-16 18:35,2026-04-16 21:50,8h 15m,0,,877.0
2026-03-04,2026-04-16,LHR,JFK,Virgin Atlantic,2026-04-16 20:05,2026-04-16 22:50,7h 45m,0,,877.0
2026-03-04,2026-04-23,LHR,JFK,Aer Lingus,2026-04-23 09:50,2026-04-23 16:55,12h 5m,1,SNN,438.0
2026-03-04,2026-04-23,LHR,JFK,Icelandair,2026-04-23 13:05,2026-04-23 19:20,11h 15m,1,KEF,440.0
2026-03-04,2026-04-23,LHR,JFK,SWISS,2026-04-23 06:00,2026-04-23 12:50,11h 50m,1,ZRH,448.0
2026-03-04,2026-04-23,LHR,JFK,SWISS,2026-04-23 08:45,2026-04-23 16:35,12h 50m,1,ZRH,448.0
2026-03-04,2026-04-23,LHR,JFK,JetBlue,2026-04-23 08:15,2026-04-23 11:14,7h 59m,0,,468.0
2026-03-04,2026-04-23,LHR,JFK,JetBlue,2026-04-23 11:55,2026-04-23 15:07,8h 12m,0,,468.0
2026-03-04,2026-04-23,LHR,JFK,American,2026-04-23 10:30,2026-04-23 13:30,8h 0m,0,,474.0
2026-03-04,2026-04-23,LHR,JFK,American,2026-04-23 14:10,2026-04-23 17:00,7h 50m,0,,474.0
2026-03-04,2026-04-23,LHR,JFK,American,2026-04-23 18:05,2026-04-23 21:05,8h 0m,0,,474.0
2026-03-04,2026-04-23,LHR,JFK,Virgin Atlantic,2026-04-23 08:20,2026-04-23 11:30,8h 10m,0,,484.0
2026-03-04,2026-04-23,LHR,JFK,Virgin Atlantic,2026-04-23 11:20,2026-04-23 14:05,7h 45m,0,,484.0
2026-03-04,2026-04-23,LHR,JFK,British Airways,2026-04-23 11:35,2026-04-23 14:25,7h 50m,0,,484.0
2026-03-04,2026-04-23,LHR,JFK,Delta,2026-04-23 11:45,2026-04-23 14:50,8h 5m,0,,484.0
2026-03-04,2026-04-23,LHR,JFK,British Airways,2026-04-23 13:20,2026-04-23 16:15,7h 55m,0,,484.0
2026-03-04,2026-04-23,LHR,JFK,Virgin Atlantic,2026-04-23 13:40,2026-04-23 16:25,7h 45m,0,,484.0
2026-03-04,2026-04-23,LHR,JFK,British Airways,2026-04-23 15:20,2026-04-23 18:20,8h 0m,0,,484.0
2026-03-04,2026-04-23,LHR,JFK,Virgin Atlantic,2026-04-23 15:50,2026-04-23 18:35,7h 45m,0,,484.0
2026-03-04,2026-04-23,LHR,JFK,Delta,2026-04-23 16:20,2026-04-23 19:32,8h 12m,0,,484.0
2026-03-04,2026-04-23,LHR,JFK,British Airways,2026-04-23 16:35,2026-04-23 19:40,8h 5m,0,,484.0
2026-03-04,2026-04-23,LHR,JFK,British Airways,2026-04-23 17:25,2026-04-23 20:20,7h 55m,0,,484.0
2026-03-04,2026-04-23,LHR,JFK,Virgin Atlantic,2026-04-23 18:35,2026-04-23 21:50,8h 15m,0,,484.0
2026-03-04,2026-04-23,LHR,JFK,British Airways,2026-04-23 19:25,2026-04-23 22:25,8h 0m,0,,484.0
2026-03-04,2026-04-23,LHR,JFK,Virgin Atlantic,2026-04-23 20:05,2026-04-23 22:50,7h 45m,0,,484.0
2026-03-04,2026-04-23,LHR,JFK,British Airways,2026-04-23 08:20,2026-04-23 11:10,7h 50m,0,,505.0
2026-03-04,2026-04-23,LHR,JFK,British Airways,2026-04-23 10:15,2026-04-23 13:05,7h 50m,0,,520.0
2026-03-04,2026-04-30,LHR,JFK,Vueling,2026-04-30 20:50,2026-05-01 21:40,29h 50m,1,BCN,428.0
2026-03-04,2026-04-30,LHR,JFK,Tap Air Portugal,2026-04-30 11:20,2026-04-30 20:05,13h 45m,1,LIS,435.0
2026-03-04,2026-04-30,LHR,JFK,Aer Lingus,2026-04-30 09:50,2026-04-30 16:55,12h 5m,1,SNN,438.0
2026-03-04,2026-04-30,LHR,JFK,JetBlue,2026-04-30 08:15,2026-04-30 11:14,7h 59m,0,,468.0
2026-03-04,2026-04-30,LHR,JFK,JetBlue,2026-04-30 11:55,2026-04-30 15:07,8h 12m,0,,468.0
2026-03-04,2026-04-30,LHR,JFK,American,2026-04-30 10:30,2026-04-30 13:30,8h 0m,0,,474.0
2026-03-04,2026-04-30,LHR,JFK,American,2026-04-30 14:10,2026-04-30 17:00,7h 50m,0,,474.0
2026-03-04,2026-04-30,LHR,JFK,American,2026-04-30 18:05,2026-04-30 21:05,8h 0m,0,,474.0
2026-03-04,2026-04-30,LHR,JFK,Virgin Atlantic,2026-04-30 08:20,2026-04-30 11:30,8h 10m,0,,484.0
2026-03-04,2026-04-30,LHR,JFK,Delta,2026-04-30 11:45,2026-04-30 14:50,8h 5m,0,,484.0
2026-03-04,2026-04-30,LHR,JFK,Virgin Atlantic,2026-04-30 13:40,2026-04-30 16:25,7h 45m,0,,484.0
2026-03-04,2026-04-30,LHR,JFK,British Airways,2026-04-30 15:20,2026-04-30 18:20,8h 0m,0,,484.0
2026-03-04,2026-04-30,LHR,JFK,Virgin Atlantic,2026-04-30 15:50,2026-04-30 18:35,7h 45m,0,,484.0
2026-03-04,2026-04-30,LHR,JFK,Delta,2026-04-30 16:20,2026-04-30 19:32,8h 12m,0,,484.0
2026-03-04,2026-04-30,LHR,JFK,British Airways,2026-04-30 16:35,2026-04-30 19:40,8h 5m,0,,484.0
2026-03-04,2026-04-30,LHR,JFK,British Airways,2026-04-30 17:25,2026-04-30 20:20,7h 55m,0,,484.0
2026-03-04,2026-04-30,LHR,JFK,Virgin Atlantic,2026-04-30 18:35,2026-04-30 21:50,8h 15m,0,,484.0
2026-03-04,2026-04-30,LHR,JFK,British Airways,2026-04-30 19:25,2026-04-30 22:25,8h 0m,0,,484.0
2026-03-04,2026-04-30,LHR,JFK,Virgin Atlantic,2026-04-30 20:05,2026-04-30 22:50,7h 45m,0,,484.0
2026-03-04,2026-04-30,LHR,JFK,British Airways,2026-04-30 08:20,2026-04-30 11:10,7h 50m,0,,520.0
2026-03-04,2026-04-30,LHR,JFK,Virgin Atlantic,2026-04-30 11:20,2026-04-30 14:05,7h 45m,0,,520.0
2026-03-04,2026-04-30,LHR,JFK,British Airways,2026-04-30 13:20,2026-04-30 16:15,7h 55m,0,,536.0
2026-03-04,2026-04-30,LHR,JFK,British Airways,2026-04-30 11:35,2026-04-30 14:25,7h 50m,0,,867.0
2026-03-04,2026-04-30,LHR,JFK,British Airways,2026-04-30 10:15,2026-04-30 13:05,7h 50m,0,,877.0
2026-03-04,2026-03-05,LHR,PVG,Emirates,2026-03-05 13:40,2026-03-06 15:05,17h 25m,1,DXB,845.0
2026-03-04,2026-03-05,LHR,PVG,Emirates,2026-03-05 22:00,2026-03-07 15:05,33h 5m,1,DXB,845.0
2026-03-04,2026-03-05,LHR,PVG,THAI,2026-03-05 11:50,2026-03-07 06:25,34h 35m,1,BKK,952.0
2026-03-04,2026-03-05,LHR,PVG,THAI,2026-03-05 21:35,2026-03-07 15:50,34h 15m,1,BKK,952.0
2026-03-04,2026-03-05,LHR,PVG,Aegean,2026-03-05 22:15,2026-03-08 05:10,46h 55m,1,ATH,1131.0
2026-03-04,2026-03-05,LHR,PVG,Emirates,2026-03-05 20:20,2026-03-06 21:05,16h 45m,1,DXB,1846.0
2026-03-04,2026-03-05,LHR,PVG,China Southern,2026-03-05 21:30,2026-03-06 23:10,17h 40m,1,PKX,1967.0
2026-03-04,2026-03-05,LHR,PVG,Korean Air,2026-03-05 18:50,2026-03-06 20:25,17h 35m,1,ICN,2814.0
2026-03-04,2026-03-05,LHR,PVG,British Airways,2026-03-05 12:15,2026-03-06 09:10,12h 55m,0,,4036.0
2026-03-04,2026-03-12,LHR,PVG,EgyptAir,2026-03-12 22:00,2026-03-14 16:00,34h 0m,1,CAI,602.0
2026-03-04,2026-03-12,LHR,PVG,Gulf Air,2026-03-12 09:30,2026-03-13 11:55,18h 25m,1,BAH,657.0
2026-03-04,2026-03-12,LHR,PVG,Cathay Pacific,2026-03-12 22:05,2026-03-14 17:45,35h 40m,1,HKG,662.0
2026-03-04,2026-03-12,LHR,PVG,Finnair,2026-03-12 18:10,2026-03-13 18:55,16h 45m,1,HEL,690.0
2026-03-04,2026-03-12,LHR,PVG,British Airways,2026-03-12 12:15,2026-03-13 09:10,12h 55m,0,,693.0
2026-03-04,2026-03-12,LHR,PVG,Emirates,2026-03-12 13:40,2026-03-13 15:05,17h 25m,1,DXB,745.0
2026-03-04,2026-03-12,LHR,PVG,Emirates,2026-03-12 20:20,2026-03-13 21:05,16h 45m,1,DXB,745.0
2026-03-04,2026-03-12,LHR,PVG,Cathay Pacific,2026-03-12 16:50,2026-03-13 17:45,16h 55m,1,HKG,853.0
2026-03-04,2026-03-12,LHR,PVG,Cathay Pacific,2026-03-12 17:50,2026-03-13 20:15,18h 25m,1,HKG,853.0
2026-03-04,2026-03-12,LHR,PVG,Qatar Airways,2026-03-12 14:15,2026-03-13 14:40,16h 25m,1,DOH,866.0
2026-03-04,2026-03-19,LHR,PVG,Air India,2026-03-19 08:45,2026-03-20 20:20,27h 35m,1,DEL,554.0
2026-03-04,2026-03-19,LHR,PVG,EgyptAir,2026-03-19 22:00,2026-03-21 16:00,34h 0m,1,CAI,602.0
2026-03-04,2026-03-19,LHR,PVG,Air India,2026-03-19 13:00,2026-03-20 20:20,23h 20m,1,DEL,610.0
2026-03-04,2026-03-19,LHR,PVG,British Airways,2026-03-19 12:15,2026-03-20 09:10,12h 55m,0,,716.0
2026-03-04,2026-03-19,LHR,PVG,Emirates,2026-03-19 13:40,2026-03-20 15:05,17h 25m,1,DXB,745.0
2026-03-04,2026-03-19,LHR,PVG,Emirates,2026-03-19 20:20,2026-03-20 21:05,16h 45m,1,DXB,745.0
2026-03-04,2026-03-19,LHR,PVG,Qatar Airways,2026-03-19 14:55,2026-03-20 14:40,15h 45m,1,DOH,866.0
2026-03-04,2026-03-19,LHR,PVG,British Airways,2026-03-19 13:50,2026-03-20 14:40,16h 50m,1,DOH,920.0
2026-03-04,2026-03-19,LHR,PVG,Malaysia Airlines,2026-03-19 21:25,2026-03-21 01:05,19h 40m,1,KUL,936.0
2026-03-04,2026-03-19,LHR,PVG,Cathay Pacific,2026-03-19 20:15,2026-03-20 22:00,17h 45m,1,HKG,1070.0
2026-03-04,2026-03-26,LHR,PVG,Air India,2026-03-26 08:45,2026-03-27 20:20,27h 35m,1,DEL,889.0
2026-03-04,2026-03-26,LHR,PVG,Qatar Airways,2026-03-26 08:05,2026-03-27 14:40,22h 35m,1,DOH,1105.0
2026-03-04,2026-03-26,LHR,PVG,Qatar Airways,2026-03-26 08:25,2026-03-27 14:40,22h 15m,1,DOH,1105.0
2026-03-04,2026-03-26,LHR,PVG,British Airways,2026-03-26 13:50,2026-03-27 14:40,16h 50m,1,DOH,1221.0
2026-03-04,2026-03-26,LHR,PVG,Qatar Airways,2026-03-26 14:55,2026-03-27 14:40,15h 45m,1,DOH,1221.0
2026-03-04,2026-03-26,LHR,PVG,Emirates,2026-03-26 19:00,2026-03-27 21:05,18h 5m,1,DXB,1346.0
2026-03-04,2026-03-26,LHR,PVG,SWISS,2026-03-26 09:00,2026-03-27 08:40,15h 40m,1,ZRH,1450.0
2026-03-04,2026-03-26,LHR,PVG,Emirates,2026-03-26 13:40,2026-03-27 15:05,17h 25m,1,DXB,1574.0
2026-03-04,2026-03-26,LHR,PVG,Emirates,2026-03-26 20:20,2026-03-27 21:05,16h 45m,1,DXB,1574.0
2026-03-04,2026-03-26,LHR,PVG,Air France,2026-03-26 19:20,2026-03-27 19:15,15h 55m,1,CDG,1897.0
2026-03-04,2026-03-26,LHR,PVG,Lufthansa City Airlines,2026-03-26 17:50,2026-03-27 16:50,15h 0m,1,MUC,1931.0
2026-03-04,2026-03-26,LHR,PVG,Cathay Pacific,2026-03-26 11:00,2026-03-27 11:35,16h 35m,1,HKG,1936.0
2026-03-04,2026-03-26,LHR,PVG,Cathay Pacific,2026-03-26 16:50,2026-03-27 17:45,16h 55m,1,HKG,1936.0
2026-03-04,2026-03-26,LHR,PVG,British Airways,2026-03-26 12:15,2026-03-27 09:10,12h 55m,0,,2430.0
2026-03-04,2026-04-02,LHR,PVG,Air India,2026-04-02 09:45,2026-04-03 20:20,27h 35m,1,DEL,621.0
2026-03-04,2026-04-02,LHR,PVG,Cathay Pacific,2026-04-02 20:15,2026-04-03 22:10,18h 55m,1,HKG,678.0
2026-03-04,2026-04-02,LHR,PVG,Etihad,2026-04-02 09:30,2026-04-03 13:00,20h 30m,1,AUH,701.0
2026-03-04,2026-04-02,LHR,PVG,Austrian,2026-04-02 09:05,2026-04-03 06:00,13h 55m,1,VIE,703.0
2026-03-04,2026-04-02,LHR,PVG,British Airways,2026-04-02 12:05,2026-04-03 07:55,12h 50m,0,,754.0
2026-03-04,2026-04-02,LHR,PVG,Finnair,2026-04-02 18:10,2026-04-03 18:25,17h 15m,1,HEL,799.0
2026-03-04,2026-04-02,LHR,PVG,Cathay Pacific,2026-04-02 20:15,2026-04-03 20:15,17h 0m,1,HKG,868.0
2026-03-04,2026-04-02,LHR,PVG,Cathay Pacific,2026-04-02 22:15,2026-04-03 22:10,16h 55m,1,HKG,868.0
2026-03-04,2026-04-02,LHR,PVG,Emirates,2026-04-02 14:25,2026-04-03 15:30,18h 5m,1,DXB,1045.0
2026-03-04,2026-04-02,LHR,PVG,Cathay Pacific,2026-04-02 18:20,2026-04-03 17:50,16h 30m,1,HKG,1086.0
2026-03-04,2026-04-09,LHR,PVG,China Southern,2026-04-09 21:00,2026-04-10 23:30,19h 30m,1,PKX,378.0
2026-03-04,2026-04-09,LHR,PVG,China Southern,2026-04-09 22:10,2026-04-11 00:20,19h 10m,1,CAN,378.0
2026-03-04,2026-04-09,LHR,PVG,Finnair,2026-04-09 18:10,2026-04-10 18:25,17h 15m,1,HEL,519.0
2026-03-04,2026-04-09,LHR,PVG,Air India,2026-04-09 14:00,2026-04-10 20:20,23h 20m,1,DEL,601.0
2026-03-04,2026-04-09,LHR,PVG,Austrian,2026-04-09 09:05,2026-04-10 06:00,13h 55m,1,VIE,610.0
2026-03-04,2026-04-09,LHR,PVG,Cathay Pacific,2026-04-09 12:20,2026-04-10 12:05,16h 45m,1,HKG,626.0
2026-03-04,2026-04-09,LHR,PVG,Cathay Pacific,2026-04-09 17:00,2026-04-10 16:25,16h 25m,1,HKG,626.0
2026-03-04,2026-04-09,LHR,PVG,Cathay Pacific,2026-04-09 18:20,2026-04-10 17:50,16h 30m,1,HKG,626.0
2026-03-04,2026-04-09,LHR,PVG,Cathay Pacific,2026-04-09 20:15,2026-04-10 20:15,17h 0m,1,HKG,626.0
2026-03-04,2026-04-09,LHR,PVG,Cathay Pacific,2026-04-09 22:15,2026-04-10 22:10,16h 55m,1,HKG,626.0
2026-03-04,2026-04-09,LHR,PVG,Qatar Airways,2026-04-09 16:00,2026-04-10 16:20,17h 20m,1,DOH,631.0
2026-03-04,2026-04-09,LHR,PVG,Lufthansa City Airlines,2026-04-09 13:30,2026-04-10 15:05,18h 35m,1,FRA,633.0
2026-03-04,2026-04-09,LHR,PVG,Lufthansa,2026-04-09 17:30,2026-04-10 15:05,14h 35m,1,FRA,633.0
2026-03-04,2026-04-09,LHR,PVG,Gulf Air,2026-04-09 10:00,2026-04-10 11:40,18h 40m,1,BAH,705.0
2026-03-04,2026-04-09,LHR,PVG,Lufthansa,2026-04-09 17:50,2026-04-10 15:50,15h 0m,1,MUC,706.0
2026-03-04,2026-04-09,LHR,PVG,British Airways,2026-04-09 12:05,2026-04-10 07:55,12h 50m,0,,713.0
2026-03-04,2026-04-09,LHR,PVG,Emirates,2026-04-09 14:25,2026-04-10 15:30,18h 5m,1,DXB,763.0
2026-03-04,2026-04-09,LHR,PVG,Emirates,2026-04-09 22:15,2026-04-10 22:20,17h 5m,1,DXB,763.0
2026-03-04,2026-04-16,LHR,PVG,China Southern,2026-04-16 21:00,2026-04-17 23:30,19h 30m,1,PKX,378.0
2026-03-04,2026-04-16,LHR,PVG,China Southern,2026-04-16 22:10,2026-04-18 00:20,19h 10m,1,CAN,378.0
2026-03-04,2026-04-16,LHR,PVG,Gulf Air,2026-04-16 10:00,2026-04-17 11:40,18h 40m,1,BAH,473.0
2026-03-04,2026-04-16,LHR,PVG,Air India,2026-04-16 14:00,2026-04-17 20:20,23h 20m,1,DEL,517.0
2026-03-04,2026-04-16,LHR,PVG,Finnair,2026-04-16 18:10,2026-04-17 18:25,17h 15m,1,HEL,519.0
2026-03-04,2026-04-16,LHR,PVG,Austrian,2026-04-16 09:05,2026-04-17 06:00,13h 55m,1,VIE,610.0
2026-03-04,2026-04-16,LHR,PVG,Lufthansa,2026-04-16 17:50,2026-04-17 15:50,15h 0m,1,MUC,612.0
2026-03-04,2026-04-16,LHR,PVG,Cathay Pacific,2026-04-16 12:20,2026-04-17 12:05,16h 45m,1,HKG,626.0
2026-03-04,2026-04-16,LHR,PVG,Cathay Pacific,2026-04-16 17:00,2026-04-17 16:25,16h 25m,1,HKG,626.0
2026-03-04,2026-04-16,LHR,PVG,Cathay Pacific,2026-04-16 18:20,2026-04-17 17:50,16h 30m,1,HKG,626.0
2026-03-04,2026-04-16,LHR,PVG,Cathay Pacific,2026-04-16 20:15,2026-04-17 20:15,17h 0m,1,HKG,626.0
2026-03-04,2026-04-16,LHR,PVG,Cathay Pacific,2026-04-16 22:15,2026-04-17 23:55,18h 40m,1,HKG,626.0
2026-03-04,2026-04-16,LHR,PVG,Qatar Airways,2026-04-16 15:05,2026-04-17 16:20,18h 15m,1,DOH,631.0
2026-03-04,2026-04-16,LHR,PVG,Lufthansa City Airlines,2026-04-16 13:30,2026-04-17 15:05,18h 35m,1,FRA,633.0
2026-03-04,2026-04-16,LHR,PVG,Lufthansa,2026-04-16 17:30,2026-04-17 15:05,14h 35m,1,FRA,633.0
2026-03-04,2026-04-16,LHR,PVG,British Airways,2026-04-16 12:05,2026-04-17 07:55,12h 50m,0,,713.0
2026-03-04,2026-04-16,LHR,PVG,Lufthansa City Airlines,2026-04-16 13:30,2026-04-17 12:20,15h 50m,1,FRA,727.0
2026-03-04,2026-04-16,LHR,PVG,Lufthansa,2026-04-16 15:30,2026-04-17 12:20,13h 50m,1,FRA,727.0
2026-03-04,2026-04-16,LHR,PVG,Emirates,2026-04-16 14:25,2026-04-17 15:30,18h 5m,1,DXB,763.0
2026-03-04,2026-04-16,LHR,PVG,Emirates,2026-04-16 22:15,2026-04-17 22:20,17h 5m,1,DXB,763.0
2026-03-04,2026-04-16,LHR,PVG,Qatar Airways,2026-04-16 16:00,2026-04-17 16:20,17h 20m,1,DOH,792.0
2026-03-04,2026-04-23,LHR,PVG,China Southern,2026-04-23 21:00,2026-04-24 23:30,19h 30m,1,PKX,378.0
2026-03-04,2026-04-23,LHR,PVG,China Southern,2026-04-23 22:10,2026-04-25 00:20,19h 10m,1,CAN,378.0
2026-03-04,2026-04-23,LHR,PVG,Gulf Air,2026-04-23 10:00,2026-04-24 11:40,18h 40m,1,BAH,473.0
2026-03-04,2026-04-23,LHR,PVG,Air India,2026-04-23 14:00,2026-04-24 20:20,23h 20m,1,DEL,517.0
2026-03-04,2026-04-23,LHR,PVG,Finnair,2026-04-23 18:10,2026-04-24 18:25,17h 15m,1,HEL,519.0
2026-03-04,2026-04-23,LHR,PVG,Austrian,2026-04-23 09:05,2026-04-24 06:00,13h 55m,1,VIE,610.0
2026-03-04,2026-04-23,LHR,PVG,Lufthansa,2026-04-23 17:50,2026-04-24 15:50,15h 0m,1,MUC,612.0
2026-03-04,2026-04-23,LHR,PVG,Cathay Pacific,2026-04-23 12:20,2026-04-24 12:05,16h 45m,1,HKG,626.0
2026-03-04,2026-04-23,LHR,PVG,Cathay Pacific,2026-04-23 17:00,2026-04-24 16:25,16h 25m,1,HKG,626.0
2026-03-04,2026-04-23,LHR,PVG,Cathay Pacific,2026-04-23 18:20,2026-04-24 17:50,16h 30m,1,HKG,626.0
2026-03-04,2026-04-23,LHR,PVG,Cathay Pacific,2026-04-23 20:15,2026-04-24 20:15,17h 0m,1,HKG,626.0
2026-03-04,2026-04-23,LHR,PVG,Cathay Pacific,2026-04-23 22:15,2026-04-24 22:10,16h 55m,1,HKG,626.0
2026-03-04,2026-04-23,LHR,PVG,Qatar Airways,2026-04-23 15:05,2026-04-24 16:20,18h 15m,1,DOH,631.0
2026-03-04,2026-04-23,LHR,PVG,Lufthansa,2026-04-23 17:30,2026-04-24 15:05,14h 35m,1,FRA,633.0
2026-03-04,2026-04-23,LHR,PVG,Qatar Airways,2026-04-23 16:00,2026-04-24 16:20,17h 20m,1,DOH,706.0
2026-03-04,2026-04-23,LHR,PVG,British Airways,2026-04-23 12:05,2026-04-24 07:55,12h 50m,0,,713.0
2026-03-04,2026-04-23,LHR,PVG,Emirates,2026-04-23 14:25,2026-04-24 15:30,18h 5m,1,DXB,763.0
2026-03-04,2026-04-30,LHR,PVG,China Southern,2026-04-30 21:00,2026-05-01 23:30,19h 30m,1,PKX,378.0
2026-03-04,2026-04-30,LHR,PVG,China Southern,2026-04-30 22:10,2026-05-02 00:20,19h 10m,1,CAN,378.0
2026-03-04,2026-04-30,LHR,PVG,Gulf Air,2026-04-30 10:00,2026-05-01 11:40,18h 40m,1,BAH,478.0
2026-03-04,2026-04-30,LHR,PVG,Air India,2026-04-30 14:00,2026-05-01 20:20,23h 20m,1,DEL,517.0
2026-03-04,2026-04-30,LHR,PVG,Finnair,2026-04-30 18:10,2026-05-01 18:25,17h 15m,1,HEL,519.0
2026-03-04,2026-04-30,LHR,PVG,Austrian,2026-04-30 09:05,2026-05-01 06:00,13h 55m,1,VIE,610.0
2026-03-04,2026-04-30,LHR,PVG,Cathay Pacific,2026-04-30 12:20,2026-05-01 12:05,16h 45m,1,HKG,626.0
2026-03-04,2026-04-30,LHR,PVG,Cathay Pacific,2026-04-30 17:00,2026-05-01 16:25,16h 25m,1,HKG,626.0
2026-03-04,2026-04-30,LHR,PVG,Cathay Pacific,2026-04-30 18:20,2026-05-01 17:50,16h 30m,1,HKG,626.0
2026-03-04,2026-04-30,LHR,PVG,Cathay Pacific,2026-04-30 20:15,2026-05-01 20:15,17h 0m,1,HKG,626.0
2026-03-04,2026-04-30,LHR,PVG,Cathay Pacific,2026-04-30 22:15,2026-05-01 22:10,16h 55m,1,HKG,626.0
2026-03-04,2026-04-30,LHR,PVG,Qatar Airways,2026-04-30 15:05,2026-05-01 16:20,18h 15m,1,DOH,631.0
2026-03-04,2026-04-30,LHR,PVG,Lufthansa City Airlines,2026-04-30 13:30,2026-05-01 15:05,18h 35m,1,FRA,633.0
2026-03-04,2026-04-30,LHR,PVG,Lufthansa,2026-04-30 17:30,2026-05-01 15:05,14h 35m,1,FRA,633.0
2026-03-04,2026-04-30,LHR,PVG,Lufthansa,2026-04-30 17:50,2026-05-01 15:50,15h 0m,1,MUC,706.0
2026-03-04,2026-04-30,LHR,PVG,British Airways,2026-04-30 12:05,2026-05-01 07:55,12h 50m,0,,713.0
2026-03-04,2026-04-30,LHR,PVG,Lufthansa City Airlines,2026-04-30 13:30,2026-05-01 12:20,15h 50m,1,FRA,727.0
2026-03-04,2026-04-30,LHR,PVG,Lufthansa,2026-04-30 15:30,2026-05-01 12:20,13h 50m,1,FRA,727.0
2026-03-04,2026-04-30,LHR,PVG,Emirates,2026-04-30 14:25,2026-05-01 15:30,18h 5m,1,DXB,763.0
2026-03-04,2026-04-30,LHR,PVG,Qatar Airways,2026-04-30 16:00,2026-05-01 16:20,17h 20m,1,DOH,792.0
2026-03-04,2026-03-05,LHR,CKG,Emirates,2026-03-05 13:40,2026-03-07 00:25,26h 45m,2,"DXB,PVG",1981.0
2026-03-04,2026-03-05,LHR,CKG,China Southern,2026-03-05 21:30,2026-03-07 16:20,34h 50m,1,PKX,2000.0
2026-03-04,2026-03-05,LHR,CKG,China Southern,2026-03-05 21:30,2026-03-06 21:00,15h 30m,1,PKX,2041.0
2026-03-04,2026-03-05,LHR,CKG,China Southern,2026-03-05 22:00,2026-03-07 00:45,18h 45m,1,CAN,2721.0
2026-03-04,2026-03-05,LHR,CKG,Lufthansa City Airlines,2026-03-05 13:50,2026-03-06 18:00,20h 10m,2,"MUC,PEK",3058.0
2026-03-04,2026-03-05,LHR,CKG,Brussels Airlines,2026-03-05 06:50,2026-03-06 04:40,13h 50m,1,BRU,3222.0
2026-03-04,2026-03-05,LHR,CKG,British Airways,2026-03-05 12:15,2026-03-07 00:25,28h 10m,1,PVG,4127.0
2026-03-04,2026-03-05,LHR,CKG,British Airways,2026-03-05 15:05,2026-03-06 18:25,19h 20m,2,"AMS,PKX",4407.0
2026-03-04,2026-03-05,LHR,CKG,Malaysia Airlines,2026-03-05 21:25,2026-03-07 18:10,36h 45m,1,KUL,10427.0
2026-03-04,2026-03-05,LHR,CKG,Austrian,2026-03-05 09:05,2026-03-06 10:40,17h 35m,2,"VIE,PEK",16487.0
2026-03-04,2026-03-12,LHR,CKG,Qatar Airways,2026-03-12 08:25,2026-03-13 14:35,22h 10m,1,DOH,617.0
2026-03-04,2026-03-12,LHR,CKG,Qatar Airways,2026-03-12 15:30,2026-03-13 14:35,15h 5m,1,DOH,738.0
2026-03-04,2026-03-12,LHR,CKG,Etihad,2026-03-12 08:50,2026-03-13 18:40,25h 50m,2,"AUH,PKX",749.0
2026-03-04,2026-03-12,LHR,CKG,British Airways,2026-03-12 12:15,2026-03-14 00:25,28h 10m,1,PVG,822.0
2026-03-04,2026-03-12,LHR,CKG,Cathay Pacific,2026-03-12 11:00,2026-03-13 16:05,21h 5m,1,HKG,854.0
2026-03-04,2026-03-12,LHR,CKG,Cathay Pacific,2026-03-12 16:50,2026-03-13 18:05,17h 15m,1,HKG,854.0
2026-03-04,2026-03-12,LHR,CKG,Cathay Pacific,2026-03-12 17:50,2026-03-13 19:35,17h 45m,1,HKG,854.0
2026-03-04,2026-03-12,LHR,CKG,British Airways,2026-03-12 13:50,2026-03-13 14:35,16h 45m,1,DOH,869.0
2026-03-04,2026-03-12,LHR,CKG,Cathay Pacific,2026-03-12 22:05,2026-03-14 16:05,34h 0m,1,HKG,1071.0
2026-03-04,2026-03-12,LHR,CKG,Lufthansa City Airlines,2026-03-12 13:50,2026-03-13 18:00,20h 10m,2,"MUC,PEK",1099.0
2026-03-04,2026-03-12,LHR,CKG,China Southern,2026-03-12 21:30,2026-03-13 21:00,15h 30m,1,PKX,1733.0
2026-03-04,2026-03-19,LHR,CKG,Qatar Airways,2026-03-19 08:25,2026-03-20 14:35,22h 10m,1,DOH,617.0
2026-03-04,2026-03-19,LHR,CKG,Qatar Airways,2026-03-19 15:30,2026-03-20 14:35,15h 5m,1,DOH,738.0
2026-03-04,2026-03-19,LHR,CKG,Etihad,2026-03-19 08:50,2026-03-20 18:40,25h 50m,2,"AUH,PKX",870.0
2026-03-04,2026-03-19,LHR,CKG,Lufthansa City Airlines,2026-03-19 13:50,2026-03-20 18:00,20h 10m,2,"MUC,PEK",911.0
2026-03-04,2026-03-19,LHR,CKG,British Airways,2026-03-19 12:15,2026-03-21 00:05,27h 50m,1,PVG,936.0
2026-03-04,2026-03-19,LHR,CKG,British Airways,2026-03-19 13:50,2026-03-20 14:35,16h 45m,1,DOH,1075.0
2026-03-04,2026-03-19,LHR,CKG,EVA Air,2026-03-19 21:20,2026-03-21 16:15,34h 55m,1,BKK,1167.0
2026-03-04,2026-03-19,LHR,CKG,SWISS,2026-03-19 09:00,2026-03-20 16:00,23h 0m,2,"ZRH,PVG",1282.0
2026-03-04,2026-03-19,LHR,CKG,Cathay Pacific,2026-03-19 22:05,2026-03-21 16:05,34h 0m,1,HKG,1418.0
2026-03-04,2026-03-19,LHR,CKG,China Southern,2026-03-19 21:30,2026-03-20 21:00,15h 30m,1,PKX,1453.0
2026-03-04,2026-03-19,LHR,CKG,China Southern,2026-03-19 22:00,2026-03-21 00:45,18h 45m,1,CAN,1453.0
2026-03-04,2026-03-19,LHR,CKG,Brussels Airlines,2026-03-19 06:50,2026-03-20 04:40,13h 50m,1,BRU,2294.0
2026-03-04,2026-03-26,LHR,CKG,Qatar Airways,2026-03-26 15:30,2026-03-27 14:35,15h 5m,1,DOH,1014.0
2026-03-04,2026-03-26,LHR,CKG,British Airways,2026-03-26 13:50,2026-03-27 14:35,16h 45m,1,DOH,1230.0
2026-03-04,2026-03-26,LHR,CKG,SWISS,2026-03-26 09:00,2026-03-27 16:00,23h 0m,2,"ZRH,PVG",1514.0
2026-03-04,2026-03-26,LHR,CKG,China Southern,2026-03-26 21:30,2026-03-28 10:20,28h 50m,1,PKX,1733.0
2026-03-04,2026-03-26,LHR,CKG,Cathay Pacific,2026-03-26 11:00,2026-03-27 16:05,21h 5m,1,HKG,1938.0
2026-03-04,2026-03-26,LHR,CKG,Cathay Pacific,2026-03-26 17:50,2026-03-28 16:05,38h 15m,1,HKG,1938.0
2026-03-04,2026-03-26,LHR,CKG,China Southern,2026-03-26 21:30,2026-03-27 21:00,15h 30m,1,PKX,2041.0
2026-03-04,2026-03-26,LHR,CKG,China Southern,2026-03-26 22:00,2026-03-28 00:45,18h 45m,1,CAN,2041.0
2026-03-04,2026-03-26,LHR,CKG,Cathay Pacific,2026-03-26 16:50,2026-03-27 18:05,17h 15m,1,HKG,2799.0
2026-03-04,2026-03-26,LHR,CKG,Brussels Airlines,2026-03-26 06:50,2026-03-27 04:40,13h 50m,1,BRU,2941.0
2026-03-04,2026-04-02,LHR,CKG,China Southern,2026-04-02 21:00,2026-04-04 14:35,34h 35m,1,PKX,821.0
2026-03-04,2026-04-02,LHR,CKG,China Southern,2026-04-02 21:00,2026-04-04 11:00,31h 0m,1,PKX,838.0
2026-03-04,2026-04-02,LHR,CKG,British Airways,2026-04-02 13:40,2026-04-03 15:10,18h 30m,1,DOH,885.0
2026-03-04,2026-04-02,LHR,CKG,China Southern,2026-04-02 21:00,2026-04-03 18:50,14h 50m,1,PKX,997.0
2026-03-04,2026-04-02,LHR,CKG,Cathay Pacific,2026-04-02 22:15,2026-04-04 16:10,34h 55m,1,HKG,1087.0
2026-03-04,2026-04-02,LHR,CKG,Lufthansa,2026-04-02 13:35,2026-04-03 16:45,20h 10m,2,"MUC,PEK",1115.0
2026-03-04,2026-04-02,LHR,CKG,China Southern,2026-04-02 22:10,2026-04-03 22:35,17h 25m,1,CAN,1203.0
2026-03-04,2026-04-02,LHR,CKG,Qatar Airways,2026-04-02 16:00,2026-04-03 15:10,16h 10m,1,DOH,1240.0
2026-03-04,2026-04-02,LHR,CKG,British Airways,2026-04-02 17:40,2026-04-04 01:00,24h 20m,2,"MXP,ICN",1296.0
2026-03-04,2026-04-02,LHR,CKG,Korean Air,2026-04-02 19:35,2026-04-04 01:00,22h 25m,1,ICN,1319.0
2026-03-04,2026-04-02,LHR,CKG,Brussels Airlines,2026-04-02 06:50,2026-04-03 04:50,15h 0m,1,BRU,2055.0
2026-03-04,2026-04-02,LHR,CKG,Cathay Pacific,2026-04-02 17:00,2026-04-03 16:10,16h 10m,1,HKG,2836.0
2026-03-04,2026-04-09,LHR,CKG,China Southern,2026-04-09 21:00,2026-04-11 14:35,34h 35m,1,PKX,397.0
2026-03-04,2026-04-09,LHR,CKG,China Southern,2026-04-09 22:10,2026-04-11 17:25,36h 15m,1,CAN,397.0
2026-03-04,2026-04-09,LHR,CKG,China Southern,2026-04-09 21:00,2026-04-10 18:50,14h 50m,1,PKX,405.0
2026-03-04,2026-04-09,LHR,CKG,China Southern,2026-04-09 22:10,2026-04-10 22:35,17h 25m,1,CAN,405.0
2026-03-04,2026-04-09,LHR,CKG,Cathay Pacific,2026-04-09 17:00,2026-04-10 16:10,16h 10m,1,HKG,627.0
2026-03-04,2026-04-09,LHR,CKG,Cathay Pacific,2026-04-09 22:15,2026-04-11 16:10,34h 55m,1,HKG,627.0
2026-03-04,2026-04-09,LHR,CKG,British Airways,2026-04-09 13:40,2026-04-10 15:10,18h 30m,1,DOH,634.0
2026-03-04,2026-04-09,LHR,CKG,Qatar Airways,2026-04-09 16:00,2026-04-10 15:10,16h 10m,1,DOH,634.0
2026-03-04,2026-04-09,LHR,CKG,Lufthansa,2026-04-09 13:35,2026-04-10 16:45,20h 10m,2,"MUC,PEK",699.0
2026-03-04,2026-04-09,LHR,CKG,Brussels Airlines,2026-04-09 06:50,2026-04-10 04:50,15h 0m,1,BRU,1974.0
2026-03-04,2026-04-16,LHR,CKG,China Southern,2026-04-16 21:00,2026-04-18 14:35,34h 35m,1,PKX,397.0
2026-03-04,2026-04-16,LHR,CKG,China Southern,2026-04-16 22:10,2026-04-18 17:25,36h 15m,1,CAN,397.0
2026-03-04,2026-04-16,LHR,CKG,China Southern,2026-04-16 21:00,2026-04-17 18:50,14h 50m,1,PKX,405.0
2026-03-04,2026-04-16,LHR,CKG,China Southern,2026-04-16 22:10,2026-04-17 22:35,17h 25m,1,CAN,405.0
2026-03-04,2026-04-16,LHR,CKG,Cathay Pacific,2026-04-16 17:00,2026-04-17 16:10,16h 10m,1,HKG,627.0
2026-03-04,2026-04-16,LHR,CKG,British Airways,2026-04-16 13:40,2026-04-17 15:10,18h 30m,1,DOH,634.0
2026-03-04,2026-04-16,LHR,CKG,Qatar Airways,2026-04-16 15:05,2026-04-17 15:10,17h 5m,1,DOH,634.0
2026-03-04,2026-04-16,LHR,CKG,Lufthansa,2026-04-16 10:50,2026-04-17 16:45,22h 55m,2,"MUC,PEK",699.0
2026-03-04,2026-04-16,LHR,CKG,Qatar Airways,2026-04-16 16:00,2026-04-17 15:10,16h 10m,1,DOH,795.0
2026-03-04,2026-04-16,LHR,CKG,Brussels Airlines,2026-04-16 06:50,2026-04-17 04:50,15h 0m,1,BRU,1974.0
2026-03-04,2026-04-23,LHR,CKG,China Southern,2026-04-23 21:00,2026-04-25 14:35,34h 35m,1,PKX,397.0
2026-03-04,2026-04-23,LHR,CKG,China Southern,2026-04-23 22:10,2026-04-25 17:25,36h 15m,1,CAN,397.0
2026-03-04,2026-04-23,LHR,CKG,China Southern,2026-04-23 21:00,2026-04-24 18:50,14h 50m,1,PKX,405.0
2026-03-04,2026-04-23,LHR,CKG,China Southern,2026-04-23 22:10,2026-04-24 22:35,17h 25m,1,CAN,405.0
2026-03-04,2026-04-23,LHR,CKG,Oman Air,2026-04-23 20:50,2026-04-25 16:10,36h 20m,3,"MCT,BKK,HKG",621.0
2026-03-04,2026-04-23,LHR,CKG,Cathay Pacific,2026-04-23 17:00,2026-04-24 16:10,16h 10m,1,HKG,627.0
2026-03-04,2026-04-23,LHR,CKG,British Airways,2026-04-23 13:40,2026-04-24 15:10,18h 30m,1,DOH,634.0
2026-03-04,2026-04-23,LHR,CKG,Qatar Airways,2026-04-23 16:00,2026-04-24 15:10,16h 10m,1,DOH,634.0
2026-03-04,2026-04-23,LHR,CKG,Lufthansa,2026-04-23 13:35,2026-04-24 16:45,20h 10m,2,"MUC,PEK",699.0
2026-03-04,2026-04-23,LHR,CKG,Cathay Pacific,2026-04-23 17:00,2026-04-24 17:25,17h 25m,1,HKG,766.0
2026-03-04,2026-04-23,LHR,CKG,Brussels Airlines,2026-04-23 06:50,2026-04-24 04:50,15h 0m,1,BRU,1974.0
2026-03-04,2026-04-30,LHR,CKG,China Southern,2026-04-30 21:00,2026-05-02 14:35,34h 35m,1,PKX,397.0
2026-03-04,2026-04-30,LHR,CKG,China Southern,2026-04-30 22:10,2026-05-02 17:25,36h 15m,1,CAN,397.0
2026-03-04,2026-04-30,LHR,CKG,China Southern,2026-04-30 21:00,2026-05-01 18:50,14h 50m,1,PKX,405.0
2026-03-04,2026-04-30,LHR,CKG,China Southern,2026-04-30 22:10,2026-05-01 22:35,17h 25m,1,CAN,405.0
2026-03-04,2026-04-30,LHR,CKG,Cathay Pacific,2026-04-30 17:00,2026-05-01 16:10,16h 10m,1,HKG,627.0
2026-03-04,2026-04-30,LHR,CKG,British Airways,2026-04-30 13:40,2026-05-01 15:10,18h 30m,1,DOH,634.0
2026-03-04,2026-04-30,LHR,CKG,Qatar Airways,2026-04-30 15:05,2026-05-01 15:10,17h 5m,1,DOH,634.0
2026-03-04,2026-04-30,LHR,CKG,Lufthansa,2026-04-30 13:35,2026-05-01 16:45,20h 10m,2,"MUC,PEK",699.0
2026-03-04,2026-04-30,LHR,CKG,Oman Air,2026-04-30 20:50,2026-05-02 16:10,36h 20m,3,"MCT,BKK,HKG",779.0
2026-03-04,2026-04-30,LHR,CKG,Qatar Airways,2026-04-30 16:00,2026-05-01 15:10,16h 10m,1,DOH,796.0
2026-03-04,2026-04-30,LHR,CKG,Brussels Airlines,2026-04-30 06:50,2026-05-01 04:50,15h 0m,1,BRU,1974.0
